{"cameraMode":{"drawMode":0,"name":"Shaded","section":"Shading Mode"},"sceneLighting":true,"audioPlay":false,"sceneViewState":{"showFog":true,"showMaterialUpdate":false,"showSkybox":true,"showFlares":true,"showImageEffects":true,"showParticleSystems":true},"in2DMode":false,"pivot":{"x":-0.42046403884887698,"y":2.3832473754882814,"z":-496.906494140625},"rotation":{"x":0.29867076873779299,"y":0.10991165041923523,"z":-0.0346507728099823,"w":0.9473724365234375},"size":12.439356803894043,"orthographic":false}