{"cameraMode":{"drawMode":0,"name":"Shaded","section":"Shading Mode"},"sceneLighting":true,"audioPlay":false,"sceneViewState":{"showFog":true,"showMaterialUpdate":false,"showSkybox":true,"showFlares":true,"showImageEffects":true,"showParticleSystems":true},"in2DMode":false,"pivot":{"x":418.8048095703125,"y":417.117919921875,"z":-0.11572265625},"rotation":{"x":-0.01731991581618786,"y":0.019794035702943803,"z":-0.00034299262915737927,"w":-0.9996540546417236},"size":616.8042602539063,"orthographic":false}