{"cameraMode":{"drawMode":0,"name":"Shaded","section":"Shading Mode"},"sceneLighting":true,"audioPlay":false,"sceneViewState":{"showFog":true,"showMaterialUpdate":false,"showSkybox":true,"showFlares":true,"showImageEffects":true,"showParticleSystems":true},"in2DMode":false,"pivot":{"x":20.089862823486329,"y":-23.047386169433595,"z":511.5143127441406},"rotation":{"x":0.46589428186416628,"y":0.11277971416711807,"z":-0.0600106306374073,"w":0.8755695819854736},"size":50.80593490600586,"orthographic":false}